<?xml version="1.0" encoding="UTF-8" standalone="yes"?>
<addon id="repository.xbmc-roberson" name=".[COLOR blue]Repositorio [/COLOR][COLOR white]-RZ Addons[/COLOR]" version="1.0.5" provider-name="Robbersom">
    <extension point="xbmc.addon.repository" name="Repositorio Addons xbmc-Kodi">
        <info compressed="false">https://raw.githubusercontent.com/robbersom/xbmc-roberson/master/addons.xml</info>
        <checksum>https://raw.githubusercontent.com/robbersom/xbmc-roberson/master/addons.xml.md5</checksum>
        <datadir zip="true">https://raw.githubusercontent.com/robbersom/xbmc-roberson/master/repo</datadir>
    </extension>
    <extension point="xbmc.addon.metadata">
        <summary>Repositorio Addons xbmc-Kodi</summary>
        <description>Baixe e instale o add-ons na categoria "All" do Repositório  [CR] [CR] Se você encontrar um add-on quebrado ou não funcionando, ou você gostaria de incluir um outro, por favor visite em construção [CR] [CR]O repositório é mantida pela comunidade do Kodi usando o Wiki do xbmc e o nosso gerador de busca de add-ons múltiplas fontes. Portanto RZ Addons não aceita qualquer responsabilidade por esse serviço.[CR][CR]O Gerador Reposity eXtended é desenvolvido por RZ Addons[CR][CR]</description>
        <platform>all</platform>
    </extension>
</addon>