<?xml version="1.0" encoding="UTF-8" standalone="yes"?>
<addon id="repository.xbmc-roberson" name=".[COLOR blue]XBMC roberson [/COLOR][COLOR white] Roberson[/COLOR]" version="1.0.4" provider-name="robbersom">
    <extension point="xbmc.addon.repository" name="XBMC roberson">
        <info compressed="false">https://raw.githubusercontent.com/robbersom/xbmc-roberson/master/addons.xml</info>
        <checksum>https://raw.githubusercontent.com/robbersom/xbmc-roberson/master/addons.xml.md5</checksum>
        <datadir zip="true">https://raw.githubusercontent.com/robbersom/xbmc-roberson/master/repo</datadir>
    </extension>
    <extension point="xbmc.addon.metadata">
        <summary>XBMC Israeli Streaming Sites</summary>
        <description>Download and install addons for XBMC Israeli streaming repo for streaming sites</description>
        <platform>all</platform>
    </extension>
</addon>